<?xml version="1.0" encoding="UTF-8"?>
<factura xmlns:ds="http://www.w3.org/2000/09/xmldsig#"
 xmlns:xsi="http://www.w3.org/2001/XMLSchema-instance"
 xsi:noNamespaceSchemaLocation="file:/C:/temp/facturaSubsidio.xsd" id="comprobante" version="version0">
    <infoTributaria>
        <ambiente>1</ambiente>
        <tipoEmision>1</tipoEmision>
        <razonSocial>razonSocial0</razonSocial>
        <nombreComercial>nombreComercial0</nombreComercial>
        <ruc>0000000000001</ruc>
        <claveAcceso>0000000000000000000000000000000000000000000000000</claveAcceso>
        <codDoc>00</codDoc>
        <estab>000</estab>
        <ptoEmi>000</ptoEmi>
        <secuencial>000000000</secuencial>
        <dirMatriz>dirMatriz0</dirMatriz>
    </infoTributaria>
    <infoFactura>
        <fechaEmision>01/01/2000</fechaEmision>
        <dirEstablecimiento>dirEstablecimiento0</dirEstablecimiento>
        <contribuyenteEspecial>contribuyente</contribuyenteEspecial>
        <obligadoContabilidad>SI</obligadoContabilidad>
        <comercioExterior>EXPORTADOR</comercioExterior>
        <incoTermFactura></incoTermFactura>
        <lugarIncoTerm>lugarIncoTerm0</lugarIncoTerm>
        <paisOrigen>000</paisOrigen>
        <puertoEmbarque>puertoEmbarque0</puertoEmbarque>
        <puertoDestino>puertoDestino0</puertoDestino>
        <paisDestino>000</paisDestino>
        <paisAdquisicion>000</paisAdquisicion>
        <tipoIdentificacionComprador>04</tipoIdentificacionComprador>
        <guiaRemision>000-000-000000000</guiaRemision>
        <razonSocialComprador>razonSocialComprador0</razonSocialComprador>
        <identificacionComprador>identificacionCompra</identificacionComprador>
        <direccionComprador>direccionComprador0</direccionComprador>
        <totalSinImpuestos>50.00</totalSinImpuestos>
        <totalSubsidio>50.00</totalSubsidio>
        <incoTermTotalSinImpuestos></incoTermTotalSinImpuestos>
        <totalDescuento>0.00</totalDescuento>
        <codDocReembolso>00</codDocReembolso>
        <totalComprobantesReembolso>50.00</totalComprobantesReembolso>
        <totalBaseImponibleReembolso>50.00</totalBaseImponibleReembolso>
        <totalImpuestoReembolso>50.00</totalImpuestoReembolso>
        <totalConImpuestos>
            <totalImpuesto>
                <codigo>2</codigo>
                <codigoPorcentaje>0</codigoPorcentaje>
                <descuentoAdicional>0.00</descuentoAdicional>
                <baseImponible>50.00</baseImponible>
                <tarifa>49.50</tarifa>
                <valor>50.00</valor>
                <valorDevolucionIva>50.00</valorDevolucionIva>
            </totalImpuesto>
            <totalImpuesto>
                <codigo>2</codigo>
                <codigoPorcentaje>0</codigoPorcentaje>
                <descuentoAdicional>0.00</descuentoAdicional>
                <baseImponible>50.00</baseImponible>
                <tarifa>49.50</tarifa>
                <valor>50.00</valor>
                <valorDevolucionIva>50.00</valorDevolucionIva>
            </totalImpuesto>
        </totalConImpuestos>
        <propina>50.00</propina>
        <fleteInternacional>50.00</fleteInternacional>
        <seguroInternacional>50.00</seguroInternacional>
        <gastosAduaneros>50.00</gastosAduaneros>
        <gastosTransporteOtros>50.00</gastosTransporteOtros>
        <importeTotal>50.00</importeTotal>
        <moneda>moneda0</moneda>
        <pagos>
            <pago>
                <formaPago>01</formaPago>
                <total>50.00</total>
                <plazo>50.00</plazo>
                <unidadTiempo>unidadTiem</unidadTiempo>
            </pago>
            <pago>
                <formaPago>01</formaPago>
                <total>50.00</total>
                <plazo>50.00</plazo>
                <unidadTiempo>unidadTiem</unidadTiempo>
            </pago>
        </pagos>
        <valorRetIva>50.00</valorRetIva>
        <valorRetRenta>50.00</valorRetRenta>
    </infoFactura>
    <detalles>
        <detalle>
            <codigoPrincipal>codigoPrincipal0</codigoPrincipal>
            <codigoAuxiliar>codigoAuxiliar0</codigoAuxiliar>
            <descripcion>descripcion0</descripcion>
            <unidadMedida>unidadMedida0</unidadMedida>
            <cantidad>50.00</cantidad>
            <precioUnitario>50.00</precioUnitario>
            <precioSinSubsidio>50.00</precioSinSubsidio>
            <descuento>50.00</descuento>
            <precioTotalSinImpuesto>50.00</precioTotalSinImpuesto>
            <detallesAdicionales>
                <detAdicional nombre="nombre0" valor="valor0"/>
                <detAdicional nombre="nombre1" valor="valor1"/>
            </detallesAdicionales>
            <impuestos>
                <impuesto>
                    <codigo>2</codigo>
                    <codigoPorcentaje>0</codigoPorcentaje>
                    <tarifa>49.50</tarifa>
                    <baseImponible>50.00</baseImponible>
                    <valor>50.00</valor>
                </impuesto>
                <impuesto>
                    <codigo>2</codigo>
                    <codigoPorcentaje>0</codigoPorcentaje>
                    <tarifa>49.50</tarifa>
                    <baseImponible>50.00</baseImponible>
                    <valor>50.00</valor>
                </impuesto>
            </impuestos>
        </detalle>
        <detalle>
            <codigoPrincipal>codigoPrincipal1</codigoPrincipal>
            <codigoAuxiliar>codigoAuxiliar1</codigoAuxiliar>
            <descripcion>descripcion1</descripcion>
            <unidadMedida>unidadMedida1</unidadMedida>
            <cantidad>50.00</cantidad>
            <precioUnitario>50.00</precioUnitario>
            <precioSinSubsidio>50.00</precioSinSubsidio>
            <descuento>50.00</descuento>
            <precioTotalSinImpuesto>50.00</precioTotalSinImpuesto>
            <detallesAdicionales>
                <detAdicional nombre="nombre2" valor="valor2"/>
                <detAdicional nombre="nombre3" valor="valor3"/>
            </detallesAdicionales>
            <impuestos>
                <impuesto>
                    <codigo>2</codigo>
                    <codigoPorcentaje>0</codigoPorcentaje>
                    <tarifa>49.50</tarifa>
                    <baseImponible>50.00</baseImponible>
                    <valor>50.00</valor>
                </impuesto>
                <impuesto>
                    <codigo>2</codigo>
                    <codigoPorcentaje>0</codigoPorcentaje>
                    <tarifa>49.50</tarifa>
                    <baseImponible>50.00</baseImponible>
                    <valor>50.00</valor>
                </impuesto>
            </impuestos>
        </detalle>
    </detalles>
    <reembolsos>
        <reembolsoDetalle>
            <tipoIdentificacionProveedorReembolso>04</tipoIdentificacionProveedorReembolso>
            <identificacionProveedorReembolso>identificacionProvee</identificacionProveedorReembolso>
            <codPaisPagoProveedorReembolso>000</codPaisPagoProveedorReembolso>
            <tipoProveedorReembolso>01</tipoProveedorReembolso>
            <codDocReembolso>00</codDocReembolso>
            <estabDocReembolso>000</estabDocReembolso>
            <ptoEmiDocReembolso>000</ptoEmiDocReembolso>
            <secuencialDocReembolso>000000000</secuencialDocReembolso>
            <fechaEmisionDocReembolso>01/01/2000</fechaEmisionDocReembolso>
            <numeroautorizacionDocReemb>0000000000</numeroautorizacionDocReemb>
            <detalleImpuestos>
                <detalleImpuesto>
                    <codigo>2</codigo>
                    <codigoPorcentaje>0</codigoPorcentaje>
                    <tarifa>0</tarifa>
                    <baseImponibleReembolso>50.00</baseImponibleReembolso>
                    <impuestoReembolso>50.00</impuestoReembolso>
                </detalleImpuesto>
                <detalleImpuesto>
                    <codigo>2</codigo>
                    <codigoPorcentaje>0</codigoPorcentaje>
                    <tarifa>0</tarifa>
                    <baseImponibleReembolso>50.00</baseImponibleReembolso>
                    <impuestoReembolso>50.00</impuestoReembolso>
                </detalleImpuesto>
            </detalleImpuestos>
        </reembolsoDetalle>
        <reembolsoDetalle>
            <tipoIdentificacionProveedorReembolso>04</tipoIdentificacionProveedorReembolso>
            <identificacionProveedorReembolso>identificacionProvee</identificacionProveedorReembolso>
            <codPaisPagoProveedorReembolso>000</codPaisPagoProveedorReembolso>
            <tipoProveedorReembolso>01</tipoProveedorReembolso>
            <codDocReembolso>00</codDocReembolso>
            <estabDocReembolso>000</estabDocReembolso>
            <ptoEmiDocReembolso>000</ptoEmiDocReembolso>
            <secuencialDocReembolso>000000000</secuencialDocReembolso>
            <fechaEmisionDocReembolso>01/01/2000</fechaEmisionDocReembolso>
            <numeroautorizacionDocReemb>0000000000</numeroautorizacionDocReemb>
            <detalleImpuestos>
                <detalleImpuesto>
                    <codigo>2</codigo>
                    <codigoPorcentaje>0</codigoPorcentaje>
                    <tarifa>0</tarifa>
                    <baseImponibleReembolso>50.00</baseImponibleReembolso>
                    <impuestoReembolso>50.00</impuestoReembolso>
                </detalleImpuesto>
                <detalleImpuesto>
                    <codigo>2</codigo>
                    <codigoPorcentaje>0</codigoPorcentaje>
                    <tarifa>0</tarifa>
                    <baseImponibleReembolso>50.00</baseImponibleReembolso>
                    <impuestoReembolso>50.00</impuestoReembolso>
                </detalleImpuesto>
            </detalleImpuestos>
        </reembolsoDetalle>
    </reembolsos>
	<otrosRubrosTerceros>   
	  <rubro>
		 <concepto>CONCEPTO1</concepto>
		 <total>50000.01</total>	 
	  </rubro>
	  <rubro>
		 <concepto>CONCEPTO2</concepto>
		 <total>100.78</total>	 
	  </rubro>
	  <rubro>
		 <concepto>CONCEPTO3</concepto>
		 <total>40</total>	 
	  </rubro>
	  <rubro>
		 <concepto>CONCEPTO4</concepto>
		 <total>77</total>	 
	  </rubro>
	  <rubro>
		 <concepto>CONCETO5</concepto>
		 <total>13</total>	 
	  </rubro>
	</otrosRubrosTerceros>
	<infoSustitutivaGuiaRemision>
	   <dirPartida>DIRECCION PARIDA</dirPartida>
	   <dirDestinatario>DESTINATARIO</dirDestinatario>
	   <fechaIniTransporte>01/01/2000</fechaIniTransporte>
	   <fechaFinTransporte>01/01/2000</fechaFinTransporte>
	   <razonSocialTransportista>RAZON SOCIAL</razonSocialTransportista>
	   <tipoIdentificacionTransportista>05</tipoIdentificacionTransportista>
	   <rucTransportista>1002576302001</rucTransportista>
	   <placa>PVB0341</placa>
	   <destinos>
		  <destino>
			 <motivoTraslado>MOTIVO TRASLADO MERCADERIA 1</motivoTraslado>
			 <codEstabDestino>001</codEstabDestino>
			 <ruta>Quito - Cayambe- Otavalo</ruta>
		  </destino>
		  <destino>
			 <motivoTraslado>MOTIVO TRASLADO MERCADERIA 2</motivoTraslado>
			 <docAduaneroUnico>0041324846887</docAduaneroUnico>
			 <codEstabDestino>001</codEstabDestino>
			 <ruta>Quito - Cayambe- Otavalo</ruta>
		  </destino>
		  <destino>
			 <motivoTraslado>MOTIVO TRASLADO MERCADERIA 3</motivoTraslado>
			 <docAduaneroUnico>0041324846887</docAduaneroUnico>
			 <codEstabDestino>001</codEstabDestino>
			 <ruta>Quito - Cayambe- Otavalo</ruta>
		  </destino>
		  <destino>
			 <motivoTraslado>MOTIVO TRASLADO MERCADERIA 4</motivoTraslado>
			 <docAduaneroUnico>0041324846887</docAduaneroUnico>
			 <codEstabDestino>001</codEstabDestino>
			 <ruta>Quito - Cayambe- Otavalo</ruta>
		  </destino>
	   </destinos>
	</infoSustitutivaGuiaRemision>
    <infoAdicional>
        <campoAdicional nombre="nombre4">campoAdicional0</campoAdicional>
        <campoAdicional nombre="nombre5">campoAdicional1</campoAdicional>
    </infoAdicional>
</factura>
