<?xml version="1.0" encoding="UTF-8"?>
<factura id="comprobante" version="2.0.0">
    <infoTributaria>
        <ambiente>1</ambiente>
        <tipoEmision>1</tipoEmision>
        <razonSocial>razonSocial0</razonSocial>
        <ruc>0000000000001</ruc>
        <claveAcceso>0000000000000000000000000000000000000000000000000</claveAcceso>
        <codDoc>00</codDoc>
        <estab>000</estab>
        <ptoEmi>000</ptoEmi>
        <secuencial>000000000</secuencial>
        <dirMatriz>dirMatriz0</dirMatriz>
    </infoTributaria>
    <infoFactura>
        <fechaEmision>01/01/2000</fechaEmision>
        <tipoIdentificacionComprador>04</tipoIdentificacionComprador>
        <razonSocialComprador>razonSocialComprador0</razonSocialComprador>
        <identificacionComprador>identificacionCompra</identificacionComprador>
        <totalSinImpuestos>50.00</totalSinImpuestos>
        <totalDescuento>0.00</totalDescuento>
        <totalConImpuestos>
            <totalImpuesto>
                <codigo>2</codigo>
                <codigoPorcentaje>0</codigoPorcentaje>
                <baseImponible>50.00</baseImponible>
                <valor>50.00</valor>
            </totalImpuesto>
            <totalImpuesto>
                <codigo>2</codigo>
                <codigoPorcentaje>0</codigoPorcentaje>
                <baseImponible>50.00</baseImponible>
                <valor>50.00</valor>
            </totalImpuesto>
        </totalConImpuestos>
        <importeTotal>50.00</importeTotal>
    </infoFactura>
    <detalles>
        <detalle>
            <descripcion>descripcion0</descripcion>
            <cantidad>50.00</cantidad>
            <precioUnitario>50.00</precioUnitario>
            <descuento>50.00</descuento>
            <precioTotalSinImpuesto>50.00</precioTotalSinImpuesto>
            <impuestos>
                <impuesto>
                    <codigo>2</codigo>
                    <codigoPorcentaje>0</codigoPorcentaje>
                    <tarifa>49.50</tarifa>
                    <baseImponible>50.00</baseImponible>
                    <valor>50.00</valor>
                </impuesto>
                <impuesto>
                    <codigo>2</codigo>
                    <codigoPorcentaje>0</codigoPorcentaje>
                    <tarifa>49.50</tarifa>
                    <baseImponible>50.00</baseImponible>
                    <valor>50.00</valor>
                </impuesto>
            </impuestos>
        </detalle>
        <detalle>
            <descripcion>descripcion1</descripcion>
            <cantidad>50.00</cantidad>
            <precioUnitario>50.00</precioUnitario>
            <descuento>50.00</descuento>
            <precioTotalSinImpuesto>50.00</precioTotalSinImpuesto>
            <impuestos>
                <impuesto>
                    <codigo>2</codigo>
                    <codigoPorcentaje>0</codigoPorcentaje>
                    <tarifa>49.50</tarifa>
                    <baseImponible>50.00</baseImponible>
                    <valor>50.00</valor>
                </impuesto>
                <impuesto>
                    <codigo>2</codigo>
                    <codigoPorcentaje>0</codigoPorcentaje>
                    <tarifa>49.50</tarifa>
                    <baseImponible>50.00</baseImponible>
                    <valor>50.00</valor>
                </impuesto>
            </impuestos>
        </detalle>
    </detalles>
</factura>
