<?xml version="1.0" encoding="UTF-8"?>
<notaCredito id="comprobante" version="1.0.0">
    <infoTributaria>
        <ambiente>1</ambiente>
        <tipoEmision>1</tipoEmision>
        <razonSocial>razonSocial0</razonSocial>
        <nombreComercial>nombreComercial0</nombreComercial>
        <ruc>0000000000001</ruc>
        <claveAcceso>0000000000000000000000000000000000000000000000000</claveAcceso>
        <codDoc>00</codDoc>
        <estab>000</estab>
        <ptoEmi>000</ptoEmi>
        <secuencial>000000000</secuencial>
        <dirMatriz>dirMatriz0</dirMatriz>
    </infoTributaria>
    <infoNotaCredito>
        <fechaEmision>01/01/2000</fechaEmision>
        <dirEstablecimiento>dirEstablecimiento0</dirEstablecimiento>
        <tipoIdentificacionComprador>04</tipoIdentificacionComprador>
        <razonSocialComprador>razonSocialComprador0</razonSocialComprador>
        <identificacionComprador>identificacionCompra</identificacionComprador>
        <contribuyenteEspecial>contribuyente</contribuyenteEspecial>
        <obligadoContabilidad>SI</obligadoContabilidad>
        <rise>rise0</rise>
        <codDocModificado>00</codDocModificado>
        <numDocModificado>000-000-000000000</numDocModificado>
        <fechaEmisionDocSustento>01/01/2000</fechaEmisionDocSustento>
        <totalSinImpuestos>50.00</totalSinImpuestos>
        <compensaciones>
            <compensacion>
                <codigo>1</codigo>
                <tarifa>49.50</tarifa>
                <valor>50.00</valor>
            </compensacion>
            <compensacion>
                <codigo>1</codigo>
                <tarifa>49.50</tarifa>
                <valor>50.00</valor>
            </compensacion>
        </compensaciones>
        <valorModificacion>50.00</valorModificacion>
        <moneda>moneda0</moneda>
        <totalConImpuestos>
            <totalImpuesto>
                <codigo>2</codigo>
                <codigoPorcentaje>0</codigoPorcentaje>
                <baseImponible>50.00</baseImponible>
                <valor>50.00</valor>
            </totalImpuesto>
            <totalImpuesto>
                <codigo>2</codigo>
                <codigoPorcentaje>0</codigoPorcentaje>
                <baseImponible>50.00</baseImponible>
                <valor>50.00</valor>
            </totalImpuesto>
        </totalConImpuestos>
        <motivo>motivo0</motivo>
    </infoNotaCredito>
    <detalles>
        <detalle>
            <codigoInterno>codigoInterno0</codigoInterno>
            <codigoAdicional>codigoAdicional0</codigoAdicional>
            <descripcion>descripcion0</descripcion>
            <cantidad>50.00</cantidad>
            <precioUnitario>50.00</precioUnitario>
            <descuento>50.00</descuento>
            <precioTotalSinImpuesto>50.00</precioTotalSinImpuesto>
            <detallesAdicionales>
                <detAdicional nombre="nombre0" valor="valor0"/>
                <detAdicional nombre="nombre1" valor="valor1"/>
            </detallesAdicionales>
            <impuestos>
                <impuesto>
                    <codigo>2</codigo>
                    <codigoPorcentaje>0</codigoPorcentaje>
                    <tarifa>49.50</tarifa>
                    <baseImponible>50.00</baseImponible>
                    <valor>50.00</valor>
                </impuesto>
                <impuesto>
                    <codigo>2</codigo>
                    <codigoPorcentaje>0</codigoPorcentaje>
                    <tarifa>49.50</tarifa>
                    <baseImponible>50.00</baseImponible>
                    <valor>50.00</valor>
                </impuesto>
            </impuestos>
        </detalle>
        <detalle>
            <codigoInterno>codigoInterno1</codigoInterno>
            <codigoAdicional>codigoAdicional1</codigoAdicional>
            <descripcion>descripcion1</descripcion>
            <cantidad>50.00</cantidad>
            <precioUnitario>50.00</precioUnitario>
            <descuento>50.00</descuento>
            <precioTotalSinImpuesto>50.00</precioTotalSinImpuesto>
            <detallesAdicionales>
                <detAdicional nombre="nombre2" valor="valor2"/>
                <detAdicional nombre="nombre3" valor="valor3"/>
            </detallesAdicionales>
            <impuestos>
                <impuesto>
                    <codigo>2</codigo>
                    <codigoPorcentaje>0</codigoPorcentaje>
                    <tarifa>49.50</tarifa>
                    <baseImponible>50.00</baseImponible>
                    <valor>50.00</valor>
                </impuesto>
                <impuesto>
                    <codigo>2</codigo>
                    <codigoPorcentaje>0</codigoPorcentaje>
                    <tarifa>49.50</tarifa>
                    <baseImponible>50.00</baseImponible>
                    <valor>50.00</valor>
                </impuesto>
            </impuestos>
        </detalle>
    </detalles>
    <infoAdicional>
        <campoAdicional nombre="nombre4">campoAdicional0</campoAdicional>
        <campoAdicional nombre="nombre5">campoAdicional1</campoAdicional>
    </infoAdicional>
</notaCredito>
