<?xml version="1.0" encoding="UTF-8"?>
<comprobanteRetencion xmlns:ns1="http://www.w3.org/2000/09/xmldsig#"
 xmlns:xsi="http://www.w3.org/2001/XMLSchema-instance"
 xsi:noNamespaceSchemaLocation="file:/D:/inf_sri/COMPROBANTES%20ELECTRONICOS/pasos%20a%20produccion/COMPROBANTE%20RETENCION%20ATS/produccion%20-%20produccion/113_XSD_CRE_ATS_2_0_0.xsd" id="comprobante" version="version0">
    <infoTributaria>
        <ambiente>1</ambiente>
        <tipoEmision>1</tipoEmision>
        <razonSocial>razonSocial0</razonSocial>
        <nombreComercial>nombreComercial0</nombreComercial>
        <ruc>0000000000001</ruc>
        <claveAcceso>0000000000000000000000000000000000000000000000000</claveAcceso>
        <codDoc>00</codDoc>
        <estab>000</estab>
        <ptoEmi>000</ptoEmi>
        <secuencial>000000000</secuencial>
        <dirMatriz>dirMatriz0</dirMatriz>
    </infoTributaria>
    <infoCompRetencion>
        <fechaEmision>01/01/2000</fechaEmision>
        <dirEstablecimiento>dirEstablecimiento0</dirEstablecimiento>
        <contribuyenteEspecial>contr</contribuyenteEspecial>
        <obligadoContabilidad>SI</obligadoContabilidad>
        <tipoIdentificacionSujetoRetenido>04</tipoIdentificacionSujetoRetenido>
        <tipoSujetoRetenido>01</tipoSujetoRetenido>
        <parteRel>SI</parteRel>
        <razonSocialSujetoRetenido>razonSocialSujetoRetenido0</razonSocialSujetoRetenido>
        <identificacionSujetoRetenido>identificacionSujeto</identificacionSujetoRetenido>
        <periodoFiscal>01/2000</periodoFiscal>
    </infoCompRetencion>
    <docsSustento>
        <docSustento>
            <codSustento>00</codSustento>
            <codDocSustento>0</codDocSustento>
            <numDocSustento>000000000000000</numDocSustento>
            <fechaEmisionDocSustento>01/01/2000</fechaEmisionDocSustento>
            <fechaRegistroContable>01/01/2000</fechaRegistroContable>
            <numAutDocSustento>0000000000</numAutDocSustento>
            <pagoLocExt>01</pagoLocExt>
            <tipoRegi>00</tipoRegi>
            <paisEfecPago>000</paisEfecPago>
            <aplicConvDobTrib>SI</aplicConvDobTrib>
            <pagExtSujRetNorLeg>SI</pagExtSujRetNorLeg>
            <pagoRegFis>SI</pagoRegFis>
            <totalComprobantesReembolso>0.00</totalComprobantesReembolso>
            <totalBaseImponibleReembolso>0.00</totalBaseImponibleReembolso>
            <totalImpuestoReembolso>0.00</totalImpuestoReembolso>
            <totalSinImpuestos>0.00</totalSinImpuestos>
            <importeTotal>50.00</importeTotal>
            <impuestosDocSustento>
                <impuestoDocSustento>
                    <codImpuestoDocSustento>2</codImpuestoDocSustento>
                    <codigoPorcentaje>0</codigoPorcentaje>
                    <baseImponible>50.00</baseImponible>
                    <tarifa>4.50</tarifa>
                    <valorImpuesto>50.00</valorImpuesto>
                </impuestoDocSustento>
                <impuestoDocSustento>
                    <codImpuestoDocSustento>2</codImpuestoDocSustento>
                    <codigoPorcentaje>0</codigoPorcentaje>
                    <baseImponible>50.00</baseImponible>
                    <tarifa>4.50</tarifa>
                    <valorImpuesto>50.00</valorImpuesto>
                </impuestoDocSustento>
            </impuestosDocSustento>
            <retenciones>
                <retencion>
                    <codigo>1</codigo>
                    <codigoRetencion>codig</codigoRetencion>
                    <baseImponible>50.00</baseImponible>
                    <porcentajeRetener>4.50</porcentajeRetener>
                    <valorRetenido>50.00</valorRetenido>
                    <dividendos>
                        <fechaPagoDiv>01/01/2000</fechaPagoDiv>
                        <imRentaSoc>50.00</imRentaSoc>
                        <ejerFisUtDiv>1900</ejerFisUtDiv>
                    </dividendos>
                    <compraCajBanano>
                        <numCajBan>0</numCajBan>
                        <precCajBan>50.00</precCajBan>
                    </compraCajBanano>
                </retencion>
                <retencion>
                    <codigo>1</codigo>
                    <codigoRetencion>codig</codigoRetencion>
                    <baseImponible>50.00</baseImponible>
                    <porcentajeRetener>4.50</porcentajeRetener>
                    <valorRetenido>50.00</valorRetenido>
                    <dividendos>
                        <fechaPagoDiv>01/01/2000</fechaPagoDiv>
                        <imRentaSoc>50.00</imRentaSoc>
                        <ejerFisUtDiv>1900</ejerFisUtDiv>
                    </dividendos>
                    <compraCajBanano>
                        <numCajBan>0</numCajBan>
                        <precCajBan>50.00</precCajBan>
                    </compraCajBanano>
                </retencion>
            </retenciones>
            <reembolsos>
                <reembolsoDetalle>
                    <tipoIdentificacionProveedorReembolso>04</tipoIdentificacionProveedorReembolso>
                    <identificacionProveedorReembolso>identificacionProvee</identificacionProveedorReembolso>
                    <codPaisPagoProveedorReembolso>000</codPaisPagoProveedorReembolso>
                    <tipoProveedorReembolso>01</tipoProveedorReembolso>
                    <codDocReembolso>00</codDocReembolso>
                    <estabDocReembolso>000</estabDocReembolso>
                    <ptoEmiDocReembolso>000</ptoEmiDocReembolso>
                    <secuencialDocReembolso>000000000</secuencialDocReembolso>
                    <fechaEmisionDocReembolso>01/01/2000</fechaEmisionDocReembolso>
                    <numeroAutorizacionDocReemb>0000000000</numeroAutorizacionDocReemb>
                    <detalleImpuestos>
                        <detalleImpuesto>
                            <codigo>2</codigo>
                            <codigoPorcentaje>0</codigoPorcentaje>
                            <tarifa>0</tarifa>
                            <baseImponibleReembolso>50.00</baseImponibleReembolso>
                            <impuestoReembolso>50.00</impuestoReembolso>
                        </detalleImpuesto>
                        <detalleImpuesto>
                            <codigo>2</codigo>
                            <codigoPorcentaje>0</codigoPorcentaje>
                            <tarifa>0</tarifa>
                            <baseImponibleReembolso>50.00</baseImponibleReembolso>
                            <impuestoReembolso>50.00</impuestoReembolso>
                        </detalleImpuesto>
                    </detalleImpuestos>
                </reembolsoDetalle>
                <reembolsoDetalle>
                    <tipoIdentificacionProveedorReembolso>04</tipoIdentificacionProveedorReembolso>
                    <identificacionProveedorReembolso>identificacionProvee</identificacionProveedorReembolso>
                    <codPaisPagoProveedorReembolso>000</codPaisPagoProveedorReembolso>
                    <tipoProveedorReembolso>01</tipoProveedorReembolso>
                    <codDocReembolso>00</codDocReembolso>
                    <estabDocReembolso>000</estabDocReembolso>
                    <ptoEmiDocReembolso>000</ptoEmiDocReembolso>
                    <secuencialDocReembolso>000000000</secuencialDocReembolso>
                    <fechaEmisionDocReembolso>01/01/2000</fechaEmisionDocReembolso>
                    <numeroAutorizacionDocReemb>0000000000</numeroAutorizacionDocReemb>
                    <detalleImpuestos>
                        <detalleImpuesto>
                            <codigo>2</codigo>
                            <codigoPorcentaje>0</codigoPorcentaje>
                            <tarifa>0</tarifa>
                            <baseImponibleReembolso>50.00</baseImponibleReembolso>
                            <impuestoReembolso>50.00</impuestoReembolso>
                        </detalleImpuesto>
                        <detalleImpuesto>
                            <codigo>2</codigo>
                            <codigoPorcentaje>0</codigoPorcentaje>
                            <tarifa>0</tarifa>
                            <baseImponibleReembolso>50.00</baseImponibleReembolso>
                            <impuestoReembolso>50.00</impuestoReembolso>
                        </detalleImpuesto>
                    </detalleImpuestos>
                </reembolsoDetalle>
            </reembolsos>
            <pagos>
                <pago>
                    <formaPago>01</formaPago>
                    <total>50.00</total>
                </pago>
                <pago>
                    <formaPago>01</formaPago>
                    <total>50.00</total>
                </pago>
            </pagos>
        </docSustento>
        <docSustento>
            <codSustento>00</codSustento>
            <codDocSustento>0</codDocSustento>
            <numDocSustento>000000000000000</numDocSustento>
            <fechaEmisionDocSustento>01/01/2000</fechaEmisionDocSustento>
            <fechaRegistroContable>01/01/2000</fechaRegistroContable>
            <numAutDocSustento>0000000000</numAutDocSustento>
            <pagoLocExt>01</pagoLocExt>
            <tipoRegi>00</tipoRegi>
            <paisEfecPago>000</paisEfecPago>
            <aplicConvDobTrib>SI</aplicConvDobTrib>
            <pagExtSujRetNorLeg>SI</pagExtSujRetNorLeg>
            <pagoRegFis>SI</pagoRegFis>
            <totalComprobantesReembolso>0.00</totalComprobantesReembolso>
            <totalBaseImponibleReembolso>0.00</totalBaseImponibleReembolso>
            <totalImpuestoReembolso>0.00</totalImpuestoReembolso>
            <totalSinImpuestos>0.00</totalSinImpuestos>
            <importeTotal>50.00</importeTotal>
            <impuestosDocSustento>
                <impuestoDocSustento>
                    <codImpuestoDocSustento>2</codImpuestoDocSustento>
                    <codigoPorcentaje>0</codigoPorcentaje>
                    <baseImponible>50.00</baseImponible>
                    <tarifa>4.50</tarifa>
                    <valorImpuesto>50.00</valorImpuesto>
                </impuestoDocSustento>
                <impuestoDocSustento>
                    <codImpuestoDocSustento>2</codImpuestoDocSustento>
                    <codigoPorcentaje>0</codigoPorcentaje>
                    <baseImponible>50.00</baseImponible>
                    <tarifa>4.50</tarifa>
                    <valorImpuesto>50.00</valorImpuesto>
                </impuestoDocSustento>
            </impuestosDocSustento>
            <retenciones>
                <retencion>
                    <codigo>1</codigo>
                    <codigoRetencion>codig</codigoRetencion>
                    <baseImponible>50.00</baseImponible>
                    <porcentajeRetener>4.50</porcentajeRetener>
                    <valorRetenido>50.00</valorRetenido>
                    <dividendos>
                        <fechaPagoDiv>01/01/2000</fechaPagoDiv>
                        <imRentaSoc>50.00</imRentaSoc>
                        <ejerFisUtDiv>1900</ejerFisUtDiv>
                    </dividendos>
                    <compraCajBanano>
                        <numCajBan>0</numCajBan>
                        <precCajBan>50.00</precCajBan>
                    </compraCajBanano>
                </retencion>
                <retencion>
                    <codigo>1</codigo>
                    <codigoRetencion>codig</codigoRetencion>
                    <baseImponible>50.00</baseImponible>
                    <porcentajeRetener>4.50</porcentajeRetener>
                    <valorRetenido>50.00</valorRetenido>
                    <dividendos>
                        <fechaPagoDiv>01/01/2000</fechaPagoDiv>
                        <imRentaSoc>50.00</imRentaSoc>
                        <ejerFisUtDiv>1900</ejerFisUtDiv>
                    </dividendos>
                    <compraCajBanano>
                        <numCajBan>0</numCajBan>
                        <precCajBan>50.00</precCajBan>
                    </compraCajBanano>
                </retencion>
            </retenciones>
            <reembolsos>
                <reembolsoDetalle>
                    <tipoIdentificacionProveedorReembolso>04</tipoIdentificacionProveedorReembolso>
                    <identificacionProveedorReembolso>identificacionProvee</identificacionProveedorReembolso>
                    <codPaisPagoProveedorReembolso>000</codPaisPagoProveedorReembolso>
                    <tipoProveedorReembolso>01</tipoProveedorReembolso>
                    <codDocReembolso>00</codDocReembolso>
                    <estabDocReembolso>000</estabDocReembolso>
                    <ptoEmiDocReembolso>000</ptoEmiDocReembolso>
                    <secuencialDocReembolso>000000000</secuencialDocReembolso>
                    <fechaEmisionDocReembolso>01/01/2000</fechaEmisionDocReembolso>
                    <numeroAutorizacionDocReemb>0000000000</numeroAutorizacionDocReemb>
                    <detalleImpuestos>
                        <detalleImpuesto>
                            <codigo>2</codigo>
                            <codigoPorcentaje>0</codigoPorcentaje>
                            <tarifa>0</tarifa>
                            <baseImponibleReembolso>50.00</baseImponibleReembolso>
                            <impuestoReembolso>50.00</impuestoReembolso>
                        </detalleImpuesto>
                        <detalleImpuesto>
                            <codigo>2</codigo>
                            <codigoPorcentaje>0</codigoPorcentaje>
                            <tarifa>0</tarifa>
                            <baseImponibleReembolso>50.00</baseImponibleReembolso>
                            <impuestoReembolso>50.00</impuestoReembolso>
                        </detalleImpuesto>
                    </detalleImpuestos>
                </reembolsoDetalle>
                <reembolsoDetalle>
                    <tipoIdentificacionProveedorReembolso>04</tipoIdentificacionProveedorReembolso>
                    <identificacionProveedorReembolso>identificacionProvee</identificacionProveedorReembolso>
                    <codPaisPagoProveedorReembolso>000</codPaisPagoProveedorReembolso>
                    <tipoProveedorReembolso>01</tipoProveedorReembolso>
                    <codDocReembolso>00</codDocReembolso>
                    <estabDocReembolso>000</estabDocReembolso>
                    <ptoEmiDocReembolso>000</ptoEmiDocReembolso>
                    <secuencialDocReembolso>000000000</secuencialDocReembolso>
                    <fechaEmisionDocReembolso>01/01/2000</fechaEmisionDocReembolso>
                    <numeroAutorizacionDocReemb>0000000000</numeroAutorizacionDocReemb>
                    <detalleImpuestos>
                        <detalleImpuesto>
                            <codigo>2</codigo>
                            <codigoPorcentaje>0</codigoPorcentaje>
                            <tarifa>0</tarifa>
                            <baseImponibleReembolso>50.00</baseImponibleReembolso>
                            <impuestoReembolso>50.00</impuestoReembolso>
                        </detalleImpuesto>
                        <detalleImpuesto>
                            <codigo>2</codigo>
                            <codigoPorcentaje>0</codigoPorcentaje>
                            <tarifa>0</tarifa>
                            <baseImponibleReembolso>50.00</baseImponibleReembolso>
                            <impuestoReembolso>50.00</impuestoReembolso>
                        </detalleImpuesto>
                    </detalleImpuestos>
                </reembolsoDetalle>
            </reembolsos>
            <pagos>
                <pago>
                    <formaPago>01</formaPago>
                    <total>50.00</total>
                </pago>
                <pago>
                    <formaPago>01</formaPago>
                    <total>50.00</total>
                </pago>
            </pagos>
        </docSustento>
    </docsSustento>
    <infoAdicional>
        <campoAdicional nombre="nombre0">campoAdicional0</campoAdicional>
        <campoAdicional nombre="nombre1">campoAdicional1</campoAdicional>
    </infoAdicional>
</comprobanteRetencion>
